Steps,Policy/Entropy,Environment/Episode Length,Policy/Extrinsic Value Estimate,Environment/Cumulative Reward,Policy/Extrinsic Reward,Is Training
5000,3.7498903,33.46153846153846,0.620432,1.0216665714979172,1.0216665714979172,1.0
5500,3.7403789,55.44444444444444,1.1476862,6.015999764204025,6.015999764204025,1.0
6000,3.7336876,44.36363636363637,0.9210419,3.1217272715135054,3.1217272715135054,1.0
6500,3.7194703,55.57142857142857,1.2173054,8.411499872803688,8.411499872803688,1.0
