{"cameraMode":{"drawMode":0,"name":"Shaded","section":"Shading Mode"},"sceneLighting":false,"audioPlay":false,"sceneViewState":{"showFog":true,"showMaterialUpdate":false,"showSkybox":false,"showFlares":true,"showImageEffects":true,"showParticleSystems":true},"in2DMode":false,"pivot":{"x":1.6655540466308594,"y":-1.0018563270568848,"z":1.2608757019042969},"rotation":{"x":-0.06245066225528717,"y":0.9002768993377686,"z":-0.13773034512996674,"w":-0.40820834040641787},"size":11.362275123596192,"orthographic":false}